{
  "1": {
    "diameter": 188.03712624301326,
    "min_x": -38.50000724196434,
    "min_y": -38.50000724196434,
    "min_z": -91.75000339746475,
    "max_x": 38.499996066093445,
    "max_y": 38.50001096725464,
    "max_z": 91.74999594688416,
    "size_x": 77.00000330805779,
    "size_y": 77.00001820921898,
    "size_z": 183.4999993443489
  },
  "2": {
    "diameter": 125.84416621235373,
    "min_x": -24.60000291466713,
    "min_y": -24.600008502602577,
    "min_z": -61.000000685453415,
    "max_x": 24.60000291466713,
    "max_y": 24.60000477731228,
    "max_z": 60.99999696016312,
    "size_x": 49.20000582933426,
    "size_y": 49.200013279914856,
    "size_z": 121.99999764561653
  },
  "3": {
    "diameter": 90.8707073707881,
    "min_x": -16.56082272529602,
    "min_y": -50.580911338329315,
    "min_z": -48.87232556939125,
    "max_x": 16.53090864419937,
    "max_y": 16.826532781124115,
    "max_z": 41.57709330320358,
    "size_x": 33.09173136949539,
    "size_y": 67.40744411945343,
    "size_z": 90.44941887259483
  },
  "4": {
    "diameter": 48.55228510484449,
    "min_x": -5.685924086719751,
    "min_y": -5.481650587171316,
    "min_z": -51.445141434669495,
    "max_x": 5.313933826982975,
    "max_y": 5.518968217074871,
    "max_z": -3.2118982635438442,
    "size_x": 10.999857913702726,
    "size_y": 11.000618804246187,
    "size_z": 48.23324317112565
  },
  "5": {
    "diameter": 18.638236802059474,
    "min_x": -4.188000224530697,
    "min_y": -9.241564199328423,
    "min_z": -6.895124912261963,
    "max_x": 4.188000224530697,
    "max_y": 9.241564199328423,
    "max_z": 6.895124912261963,
    "size_x": 8.376000449061394,
    "size_y": 18.483128398656845,
    "size_z": 13.790249824523926
  },
  "6": {
    "diameter": 122.5207362527705,
    "min_x": -24.959100410342216,
    "min_y": -24.959100410342216,
    "min_z": -59.507787227630615,
    "max_x": 24.959100410342216,
    "max_y": 24.959100410342216,
    "max_z": 59.507787227630615,
    "size_x": 49.91820082068443,
    "size_y": 49.91820082068443,
    "size_z": 119.01557445526123
  },
  "7": {
    "diameter": 229.27364286377983,
    "min_x": -48.650000244379044,
    "min_y": -48.65001142024994,
    "min_z": -112.00001090765,
    "max_x": 48.650000244379044,
    "max_y": 48.65001142024994,
    "max_z": 112.0000034570694,
    "size_x": 97.30000048875809,
    "size_y": 97.30002284049988,
    "size_z": 224.0000143647194
  },
  "8": {
    "diameter": 93.50528620302227,
    "min_x": -16.56082272529602,
    "min_y": -50.580911338329315,
    "min_z": -51.44514515995979,
    "max_x": 16.53090864419937,
    "max_y": 16.826532781124115,
    "max_z": 41.57709330320358,
    "size_x": 33.09173136949539,
    "size_y": 67.40744411945343,
    "size_z": 93.02223846316338
  },
  "9": {
    "diameter": 93.53592118697492,
    "min_x": -15.927568078041077,
    "min_y": -16.74763672053814,
    "min_z": -51.44514515995979,
    "max_x": 16.072018072009087,
    "max_y": 16.826532781124115,
    "max_z": 41.57709330320358,
    "size_x": 31.999586150050163,
    "size_y": 33.574169501662254,
    "size_z": 93.02223846316338
  },
  "10": {
    "diameter": 90.95573048406906,
    "min_x": -15.927568078041077,
    "min_y": -16.74763672053814,
    "min_z": -48.87232556939125,
    "max_x": 16.072018072009087,
    "max_y": 16.826532781124115,
    "max_z": 41.57709330320358,
    "size_x": 31.999586150050163,
    "size_y": 33.574169501662254,
    "size_z": 90.44941887259483
  },
  "11": {
    "diameter": 90.92609734554125,
    "min_x": -15.927569940686226,
    "min_y": -52.20402032136917,
    "min_z": -48.87232929468155,
    "max_x": 22.85238727927208,
    "max_y": 16.826530918478966,
    "max_z": 41.57709702849388,
    "size_x": 38.779957219958305,
    "size_y": 69.03055123984814,
    "size_z": 90.44942632317543
  },
  "12": {
    "diameter": 90.62197134672819,
    "min_x": -22.285891696810722,
    "min_y": -51.837366074323654,
    "min_z": -48.87232929468155,
    "max_x": 16.072018072009087,
    "max_y": 16.826530918478966,
    "max_z": 41.57709702849388,
    "size_x": 38.35790976881981,
    "size_y": 68.66389699280262,
    "size_z": 90.44942632317543
  },
  "13": {
    "diameter": 90.86437345799632,
    "min_x": -16.56082458794117,
    "min_y": -50.999611616134644,
    "min_z": -48.87232929468155,
    "max_x": 16.53090864419937,
    "max_y": 16.826530918478966,
    "max_z": 41.57709702849388,
    "size_x": 33.09173323214054,
    "size_y": 67.82614253461361,
    "size_z": 90.44942632317543
  },
  "14": {
    "diameter": 90.91086098133113,
    "min_x": -16.56082458794117,
    "min_y": -51.023103296756744,
    "min_z": -48.87232929468155,
    "max_x": 16.53090864419937,
    "max_y": 16.826530918478966,
    "max_z": 41.57709702849388,
    "size_x": 33.09173323214054,
    "size_y": 67.84963421523571,
    "size_z": 90.44942632317543
  },
  "15": {
    "diameter": 93.50628822489769,
    "min_x": -15.927569940686226,
    "min_y": -52.20402032136917,
    "min_z": -51.44514888525009,
    "max_x": 22.85238727927208,
    "max_y": 16.826530918478966,
    "max_z": 41.57709702849388,
    "size_x": 38.779957219958305,
    "size_y": 69.03055123984814,
    "size_z": 93.02224591374397
  },
  "16": {
    "diameter": 93.5097370101734,
    "min_x": -22.285891696810722,
    "min_y": -51.837366074323654,
    "min_z": -51.44514888525009,
    "max_x": 16.072018072009087,
    "max_y": 16.826530918478966,
    "max_z": 41.57709702849388,
    "size_x": 38.35790976881981,
    "size_y": 68.66389699280262,
    "size_z": 93.02224591374397
  },
  "17": {
    "diameter": 93.51698065111337,
    "min_x": -16.56082458794117,
    "min_y": -50.999611616134644,
    "min_z": -51.44514888525009,
    "max_x": 16.53090864419937,
    "max_y": 16.826530918478966,
    "max_z": 41.57709702849388,
    "size_x": 33.09173323214054,
    "size_y": 67.82614253461361,
    "size_z": 93.02224591374397
  },
  "18": {
    "diameter": 93.54661232307359,
    "min_x": -16.56082458794117,
    "min_y": -51.023103296756744,
    "min_z": -51.44514888525009,
    "max_x": 16.53090864419937,
    "max_y": 16.826530918478966,
    "max_z": 41.57709702849388,
    "size_x": 33.09173323214054,
    "size_y": 67.84963421523571,
    "size_z": 93.02224591374397
  }
}